file_name,file_size_mb,n_columns,columns_preview
ENTIRE_BEGINEND.csv,8.487701416015625e-05,3,"ONEORTWO, CREATED_DATE, MODIFIED_DATE"
ENTIRE_COND.csv,742.6186695098877,153,"CN, PLT_CN, INVYR, STATECD, UNITCD, COUNTYCD, PLOT, CONDID, COND_STATUS_CD, COND_NONSAMPLE_REASN_CD, RESERVCD, OWNCD, OWNGRPCD, ADFORCD, FORTYPCD"
ENTIRE_COND_DWM_CALC.csv,1090.4689044952393,106,"CN, STATECD, COUNTYCD, PLOT, MEASYEAR, INVYR, CONDID, EVALID, PLT_CN, CND_CN, STRATUM_CN, PHASE, CONDPROP_CWD, CONDPROP_FWD_SM, CONDPROP_FWD_MD"
ENTIRE_COUNTY.csv,0.17814350128173828,7,"STATECD, UNITCD, COUNTYCD, COUNTYNM, CN, CREATED_DATE, MODIFIED_DATE"
ENTIRE_DATAMART_MOST_RECENT_INV.csv,0.0013685226440429688,4,"STATECD, EVAL_GRPS, COMMENTS, STATEAB"
ENTIRE_DWM_COARSE_WOODY_DEBRIS.csv,349.89692878723145,51,"CN, PLT_CN, INVYR, STATECD, COUNTYCD, PLOT, SUBP, TRANSECT, CWDID, MEASYEAR, CONDID, SLOPDIST, HORIZ_DIST, SPCD, DECAYCD"
ENTIRE_DWM_DUFF_LITTER_FUEL.csv,270.9198007583618,24,"CN, PLT_CN, INVYR, STATECD, COUNTYCD, PLOT, TRANSECT, SUBP, SMPLOCCD, MEASYEAR, CONDID, DUFFDEP, LITTDEP, FUELDEP, CREATED_DATE"
ENTIRE_DWM_FINE_WOODY_DEBRIS.csv,138.4657964706421,30,"CN, PLT_CN, INVYR, STATECD, COUNTYCD, PLOT, TRANSECT, SUBP, CONDID, MEASYEAR, SMALLCT, MEDIUMCT, LARGECT, RSNCTCD, PILESCD"
ENTIRE_DWM_MICROPLOT_FUEL.csv,19.21204948425293,20,"CN, PLT_CN, INVYR, STATECD, COUNTYCD, PLOT, SUBP, MEASYEAR, LVSHRBCD, DSHRBCD, LVHRBCD, DHRBCD, LITTERCD, LVSHRBHT, DSHRBHT"
ENTIRE_DWM_RESIDUAL_PILE.csv,0.6038036346435547,33,"CN, PLT_CN, INVYR, STATECD, COUNTYCD, PLOT, SUBP, PILE, MEASYEAR, CONDID, SHAPECD, DENSITY, HEIGHT1, WIDTH1, LENGTH1"
ENTIRE_DWM_TRANSECT_SEGMENT.csv,391.9148950576782,22,"CN, PLT_CN, INVYR, STATECD, COUNTYCD, PLOT, SUBP, TRANSECT, SEGMNT, MEASYEAR, CONDID, SLOPE_BEGNDIST, SLOPE_ENDDIST, SLOPE, HORIZ_LENGTH"
ENTIRE_DWM_VISIT.csv,50.868760108947754,25,"CN, PLT_CN, INVYR, STATECD, COUNTYCD, PLOT, MEASDAY, MEASMON, MEASYEAR, QASTATCD, CRWTYPCD, SMPKNDCD, CREATED_DATE, MODIFIED_DATE, CWD_SAMPLE_METHOD"
ENTIRE_EVALIDATOR_ESTIMATE_GRP.csv,0.004319190979003906,5,"ESTIMATE_GRP_NBR, ESTIMATE_GRP_DESCR, CREATED_DATE, MODIFIED_DATE, ACTIVE"
ENTIRE_EVALIDATOR_POP_ESTIMATE.csv,3.084404945373535,25,"ATTRIBUTE_NBR, ATTRIBUTE_DESCR, VBA_SUMFROMWHERE, PEA_SURROGATE, CONDTREESEED, SORT_COL, EVAL_TYP, ESTIMATE_METADATA, CREATED_DATE, MODIFIED_DATE, LAND_BASIS, ESTIMATE_GRP_DESCR, ESTIMATE, ESTN_TYPE, ESTN_TREE_PORTION"
ENTIRE_EVALIDATOR_VARIABLE_LIBRARY.csv,0.36361026763916016,18,"DB_VAR, LABEL_VAR, TYPE_VAR, TYPE_VAR_NAME, ATTRIBUTE_LIST, PAGE_LIST, ROW_LIST, COL_LIST, MAX_COLS, DECODE_STATEMENT, FUNCTION_NAME, PRC_METADATA, CREATED_DATE, MODIFIED_DATE, SQL_SELECT"
ENTIRE_FVS_GROUPADDFILESANDKEYWORDS.csv,0.04080486297607422,6,"GROUPS, ADDFILES, FVSKEYWORDS, CREATED_DATE, MODIFIED_DATE, STATE"
ENTIRE_FVS_PLOTINIT_PLOT.csv,3119.1621656417847,80,"STAND_CN, STAND_ID, STANDPLOT_CN, STANDPLOT_ID, VARIANT, INV_DAY, INV_YEAR, INV_MONTH, GROUPS, ADDFILES, FVSKEYWORDS, GIS_LINK, LATITUDE, LONGITUDE, DATUM"
ENTIRE_FVS_STANDINIT_COND.csv,903.9177236557007,80,"STAND_CN, STAND_ID, VARIANT, INV_DAY, INV_YEAR, INV_MONTH, GROUPS, ADDFILES, FVSKEYWORDS, GIS_LINK, LATITUDE, LONGITUDE, DATUM, REGION, FOREST"
ENTIRE_FVS_STANDINIT_PLOT.csv,756.926417350769,80,"STAND_CN, STAND_ID, VARIANT, INV_DAY, INV_YEAR, INV_MONTH, GROUPS, ADDFILES, FVSKEYWORDS, GIS_LINK, LATITUDE, LONGITUDE, DATUM, REGION, FOREST"
ENTIRE_FVS_TREEINIT_COND.csv,5482.998530387878,53,"STAND_CN, STAND_ID, PLOT_CN, STANDPLOT_CN, STANDPLOT_ID, PLOT_ID, TREE_CN, TREE_ID, TAG_ID, DISTANCE, SITE_TREE_FLAG, TREE_COUNT, MORT_AGENT, WDLND_STEMS, HISTORY"
ENTIRE_FVS_TREEINIT_PLOT.csv,5368.929458618164,53,"STAND_CN, STAND_ID, PLOT_CN, STANDPLOT_CN, STANDPLOT_ID, PLOT_ID, TREE_CN, TREE_ID, TAG_ID, DISTANCE, SITE_TREE_FLAG, TREE_COUNT, MORT_AGENT, WDLND_STEMS, HISTORY"
ENTIRE_GRND_CVR.csv,134.8382453918457,16,"CN, PLT_CN, INVYR, STATECD, UNITCD, COUNTYCD, PLOT, SUBP, TRANSECT, CVR_PCT, GRND_CVR_SEG, GRND_CVR_TYP, CYCLE, SUBCYCLE, CREATED_DATE"
ENTIRE_INVASIVE_SUBPLOT_SPP.csv,49.749263763427734,17,"CN, PLT_CN, INVYR, STATECD, UNITCD, COUNTYCD, PLOT, SUBP, CONDID, VEG_FLDSPCD, UNIQUE_SP_NBR, VEG_SPCD, COVER_PCT, CREATED_DATE, MODIFIED_DATE"
ENTIRE_LICHEN_LAB.csv,1.4840879440307617,13,"CN, PLT_CN, INVYR, STATECD, COUNTYCD, PLOT, LICH_SPPCD, MEASYEAR, ABUNDANCE_CLASS, ORIGIN_FLAG, SPP_COMMENTS, CREATED_DATE, MODIFIED_DATE"
ENTIRE_LICHEN_PLOT_SUMMARY.csv,0.16150188446044922,13,"CN, PLT_CN, INVYR, STATECD, COUNTYCD, PLOT, MEASYEAR, SUMMATION, RICHNESS, EVENNESS, DIVERSITY, CREATED_DATE, MODIFIED_DATE"
ENTIRE_LICHEN_SPECIES_SUMMARY.csv,24.252629280090332,14,"CN, INVYR, LICHEN_REGION, LICH_SPPCD, MEASYEAR, LICHEN_REGION_DESCR, SPP_ACRONYM, GENUS, SUM_ABUNDANCE, FREQUENCY_PCT, SPECIES, PLOTS_IN_REGION, CREATED_DATE, MODIFIED_DATE"
ENTIRE_LICHEN_VISIT.csv,0.5625429153442383,34,"CN, PLT_CN, INVYR, STATECD, COUNTYCD, PLOT, MEASDAY, MEASMON, MEASYEAR, LICHEN_STATCD, LIPROJCD, SMPLSTRT, SMPLSTP, SMPLTIME, SFTWDPCT"
ENTIRE_OZONE_BIOSITE_SUMMARY.csv,0.875575065612793,23,"CN, INVYR, STATECD, COUNTYCD, O3PLOT, FIELD_ID, LOCATION_CNT, GROUND_LOC_CD, MEASYEAR, PLANT_INJ_CNT, PLANT_EVAL_CNT, PLANT_RATIO, SPECIES_EVAL_CNT, BIOSITE_INDEX, BIOSITE_INDEX_MULTIPLIER"
ENTIRE_OZONE_PLOT.csv,1.3007793426513672,22,"CN, SRV_CN, CTY_CN, INVYR, STATECD, UNITCD, COUNTYCD, O3PLOT, FIELD_ID, SPLIT_PLOTID, MEASYEAR, MEASMON, MEASDAY, LAT, LON"
ENTIRE_OZONE_PLOT_SUMMARY.csv,1.155461311340332,23,"CN, INVYR, STATECD, COUNTYCD, O3PLOT, FIELD_ID, SPLIT_PLOTID, MEASYEAR, SPECIES_EVAL_CNT, BIOSITE_INDEX, ELEV, PLTSIZE, ASPECT, TERRPOS, SOILDPTH"
ENTIRE_OZONE_SPECIES_SUMMARY.csv,3.5488595962524414,31,"CN, INVYR, STATECD, COUNTYCD, O3PLOT, FIELD_ID, SPLIT_PLOTID, GROUND_LOC_CD, MEASYEAR, BIOSPCD, AMNT_MAX, AMNT_MIN, AMNT_MEAN, SVRTY_MAX, SVRTY_MIN"
ENTIRE_OZONE_VALIDATION.csv,0.6334810256958008,17,"CN, PLT_CN, INVYR, STATECD, COUNTYCD, O3PLOT, FIELD_ID, SPLIT_PLOTID, BIOSPCD, QASTATCD, CRWTYPCD, LEAFVCHR, INJVALID, O3_STATCD, MEASYEAR"
ENTIRE_OZONE_VISIT.csv,1.0918283462524414,24,"CN, PLT_CN, INVYR, STATECD, COUNTYCD, O3PLOT, FIELD_ID, SPLIT_PLOTID, SMPKNDCD, MEASDAY, MEASMON, MEASYEAR, PLTSIZE, ASPECT, TERRPOS"
ENTIRE_P2VEG_SUBP_STRUCTURE.csv,889.1825122833252,16,"CN, PLT_CN, STATECD, UNITCD, COUNTYCD, PLOT, INVYR, SUBP, CONDID, GROWTH_HABIT_CD, LAYER, COVER_PCT, CREATED_DATE, MODIFIED_DATE, CYCLE"
ENTIRE_P2VEG_SUBPLOT_SPP.csv,176.04703521728516,19,"CN, PLT_CN, INVYR, STATECD, UNITCD, COUNTYCD, PLOT, SUBP, CONDID, VEG_FLDSPCD, UNIQUE_SP_NBR, VEG_SPCD, GROWTH_HABIT_CD, LAYER, COVER_PCT"
ENTIRE_PLOT.csv,444.47631072998047,63,"CN, SRV_CN, CTY_CN, PREV_PLT_CN, INVYR, STATECD, UNITCD, COUNTYCD, PLOT, PLOT_STATUS_CD, PLOT_NONSAMPLE_REASN_CD, MEASYEAR, MEASMON, MEASDAY, REMPER"
ENTIRE_PLOT_REGEN.csv,0.8458194732666016,12,"CN, PLT_CN, INVYR, STATECD, UNITCD, COUNTYCD, PLOT, BROWSE_IMPACT, CREATED_DATE, MODIFIED_DATE, CYCLE, SUBCYCLE"
ENTIRE_PLOTGEOM.csv,273.92655658721924,24,"CN, STATECD, INVYR, UNITCD, COUNTYCD, PLOT, LAT, LON, CONGCD, ECOSUBCD, HUC, EMAP_HEX, FIPSCOUNTY, ROADLESSCD, CREATED_DATE"
ENTIRE_PLOTSNAP.csv,3218.3830604553223,89,"CN, SRV_CN, CTY_CN, PREV_PLT_CN, INVYR, STATECD, UNITCD, COUNTYCD, PLOT, PLOT_STATUS_CD, PLOT_NONSAMPLE_REASN_CD, MEASYEAR, MEASMON, MEASDAY, REMPER"
ENTIRE_POP_ESTN_UNIT.csv,11.22651195526123,15,"CN, EVAL_CN, RSCD, EVALID, ESTN_UNIT, ESTN_UNIT_DESCR, STATECD, AREALAND_EU, AREATOT_EU, AREA_USED, AREA_SOURCE, P1PNTCNT_EU, P1SOURCE, CREATED_DATE, MODIFIED_DATE"
ENTIRE_POP_EVAL.csv,0.9968433380126953,17,"CN, EVAL_GRP_CN, RSCD, EVALID, EVAL_DESCR, STATECD, LOCATION_NM, REPORT_YEAR_NM, START_INVYR, END_INVYR, LAND_ONLY, TIMBERLAND_ONLY, GROWTH_ACCT, ESTN_METHOD, NOTES"
ENTIRE_POP_EVAL_ATTRIBUTE.csv,35.427578926086426,6,"CN, EVAL_CN, ATTRIBUTE_NBR, STATECD, CREATED_DATE, MODIFIED_DATE"
ENTIRE_POP_EVAL_GRP.csv,0.2211160659790039,8,"CN, RSCD, EVAL_GRP, EVAL_GRP_DESCR, STATECD, NOTES, CREATED_DATE, MODIFIED_DATE"
ENTIRE_POP_EVAL_TYP.csv,0.7553815841674805,6,"CN, EVAL_GRP_CN, EVAL_CN, EVAL_TYP, CREATED_DATE, MODIFIED_DATE"
ENTIRE_POP_PLOT_STRATUM_ASSGN.csv,2256.4595308303833,14,"CN, STRATUM_CN, PLT_CN, STATECD, INVYR, UNITCD, COUNTYCD, PLOT, RSCD, EVALID, ESTN_UNIT, STRATUMCD, CREATED_DATE, MODIFIED_DATE"
ENTIRE_POP_STRATUM.csv,37.25346755981445,26,"CN, ESTN_UNIT_CN, RSCD, EVALID, ESTN_UNIT, STRATUMCD, STRATUM_DESCR, STATECD, P1POINTCNT, P2POINTCNT, EXPNS, ADJ_FACTOR_MACR, ADJ_FACTOR_SUBP, ADJ_FACTOR_MICR, ADJ_FACTOR_CWD"
ENTIRE_PROJECT.csv,0.5997991561889648,5,"CN, RSCD, NAME, CREATED_DATE, MODIFIED_DATE"
ENTIRE_REF_CITATION.csv,0.0071258544921875,4,"CITATION_NBR, CITATION, CREATED_DATE, MODIFIED_DATE"
ENTIRE_REF_DIFFERENCE_TEST_PER_ACRE.csv,1.2927570343017578,8,"CN, COMPARISON, COMPARISON_TYPE, ATTRIBUTE_NBR, SQL, NOTES, CREATED_DATE, MODIFIED_DATE"
ENTIRE_REF_DIFFERENCE_TEST_TOTALS.csv,0.7145595550537109,8,"CN, COMPARISON, COMPARISON_TYPE, ATTRIBUTE_NBR, SQL, NOTES, CREATED_DATE, MODIFIED_DATE"
ENTIRE_REF_FIADB_VERSION.csv,0.00341796875,5,"VERSION, INSTALL_TYPE, DESCR, CREATED_DATE, MODIFIED_DATE"
ENTIRE_REF_FOREST_TYPE.csv,0.014792442321777344,8,"VALUE, MEANING, TYPGRPCD, MANUAL_START, MANUAL_END, ALLOWED_IN_FIELD, CREATED_DATE, MODIFIED_DATE"
ENTIRE_REF_FOREST_TYPE_GROUP.csv,0.004730224609375,18,"VALUE, MEANING, ABBR, DUFF_DENSITY, DUFF_CARBON_RATIO, LITTER_DENSITY, LITTER_CARBON_RATIO, PILE_DENSITY, PILE_CARBON_RATIO, PILE_DECAY_RATIO, FWD_DENSITY, FWD_CARBON_RATIO, FWD_DECAY_RATIO, FWD_SMALL_QMD, FWD_MEDIUM_QMD"
ENTIRE_REF_FVS_LOC_NAME.csv,0.017045021057128906,8,"CN, FVS_LOC_CD, FVS_LOC_CD_NAME, MANUAL_START, MANUAL_END, ALLOWED_IN_FIELD, CREATED_DATE, MODIFIED_DATE"
ENTIRE_REF_FVS_VAR_NAME.csv,0.001285552978515625,8,"CN, FVS_VARIANT, FVS_VAR_NAME, MANUAL_START, MANUAL_END, ALLOWED_IN_FIELD, CREATED_DATE, MODIFIED_DATE"
ENTIRE_REF_GRM_TYPE.csv,0.01491546630859375,13,"CN, RSCD, STATECD, START_INVYR, END_INVYR, GRM_TYP, GROW_TYP_CD, MORT_TYP_CD, REMV_TYP_CD, CREATED_DATE, MODIFIED_DATE, TIMBERLAND_ONLY, GRM_BUILD_LOCATION"
ENTIRE_REF_GRND_LYR.csv,0.001369476318359375,10,"CN, GRND_LYR_CONFIG, FUNCTIONAL_GROUP_CD, CARBON_PCT, NITROGEN_PCT, BULKDENSITY_COEFF_M, BULKDENSITY_COEFF_A, BULKDENSITY_COEFF_B, CREATED_DATE, MODIFIED_DATE"
ENTIRE_REF_HABTYP_DESCRIPTION.csv,0.8424367904663086,8,"CN, HABTYPCD, PUB_CD, SCIENTIFIC_NAME, COMMON_NAME, VALID, CREATED_DATE, MODIFIED_DATE"
ENTIRE_REF_HABTYP_PUBLICATION.csv,0.02644824981689453,8,"CN, PUB_CD, TITLE, AUTHOR, TYPE, VALID, CREATED_DATE, MODIFIED_DATE"
ENTIRE_REF_INTL_TO_DOYLE_FACTOR.csv,0.0008220672607421875,5,"DIA_2INCH_CLASS, SOFTWOOD, FACTOR, CREATED_DATE, MODIFIED_DATE"
ENTIRE_REF_INVASIVE_SPECIES.csv,0.25531673431396484,12,"CN, STATECD, SYMBOL, INV_GROUP_CD, UNITCD_LIST, START_DATE, END_DATE, MANUAL_START, MANUAL_END, NOTES, CREATED_DATE, MODIFIED_DATE"
ENTIRE_REF_LICHEN_SPECIES.csv,0.08339881896972656,9,"LICH_SPPCD, YEARSTART, YEAREND, SPP_ACRONYM, GENUS, SPECIES, CN, CREATED_DATE, MODIFIED_DATE"
ENTIRE_REF_LICHEN_SPP_COMMENTS.csv,0.07386970520019531,8,"LICH_SPPCD, SPP_NAME, YEAREND, YEARSTART, SPP_COMMENTS, CN, CREATED_DATE, MODIFIED_DATE"
ENTIRE_REF_NVCS_HIERARCHY_STRCT.csv,0.03875446319580078,37,"HIERARCHY_VERSION, PRIMARY_CLASS, NVCS_LEVEL_1_LABEL, NVCS_LEVEL_1_CD, NVCS_LEVEL_2_LABEL, NVCS_LEVEL_2_CD, NVCS_LEVEL_3_LABEL, NVCS_LEVEL_3_CD, NVCS_LEVEL_4_LABEL, NVCS_LEVEL_4_CD, NVCS_LEVEL_5_LABEL, NVCS_LEVEL_5_CD, NVCS_LEVEL_6_LABEL, NVCS_LEVEL_6_CD, NVCS_LEVEL_7_LABEL"
ENTIRE_REF_NVCS_LEVEL_1_CODES.csv,0.0014972686767578125,9,"CN, PRIMARY_CLASS, HIERARCHY_LEVEL, HIERARCHY_LEVEL_LABEL, NVCS_CODE, MEANING, NOTE, CREATED_DATE, MODIFIED_DATE"
ENTIRE_REF_NVCS_LEVEL_2_CODES.csv,0.0016088485717773438,9,"CN, PRIMARY_CLASS, HIERARCHY_LEVEL, HIERARCHY_LEVEL_LABEL, NVCS_CODE, MEANING, NOTE, CREATED_DATE, MODIFIED_DATE"
ENTIRE_REF_NVCS_LEVEL_3_CODES.csv,0.0021820068359375,9,"CN, PRIMARY_CLASS, HIERARCHY_LEVEL, HIERARCHY_LEVEL_LABEL, NVCS_CODE, MEANING, NOTE, CREATED_DATE, MODIFIED_DATE"
ENTIRE_REF_NVCS_LEVEL_4_CODES.csv,0.00254058837890625,9,"CN, PRIMARY_CLASS, HIERARCHY_LEVEL, HIERARCHY_LEVEL_LABEL, NVCS_CODE, MEANING, NOTE, CREATED_DATE, MODIFIED_DATE"
ENTIRE_REF_NVCS_LEVEL_5_CODES.csv,0.005953788757324219,9,"CN, PRIMARY_CLASS, HIERARCHY_LEVEL, HIERARCHY_LEVEL_LABEL, NVCS_CODE, MEANING, NOTE, CREATED_DATE, MODIFIED_DATE"
ENTIRE_REF_NVCS_LEVEL_6_CODES.csv,0.0009555816650390625,9,"CN, PRIMARY_CLASS, HIERARCHY_LEVEL, HIERARCHY_LEVEL_LABEL, NVCS_CODE, MEANING, NOTE, CREATED_DATE, MODIFIED_DATE"
ENTIRE_REF_NVCS_LEVEL_7_CODES.csv,0.0023632049560546875,9,"CN, PRIMARY_CLASS, HIERARCHY_LEVEL, HIERARCHY_LEVEL_LABEL, NVCS_CODE, MEANING, NOTE, CREATED_DATE, MODIFIED_DATE"
ENTIRE_REF_NVCS_LEVEL_8_CODES.csv,0.0056171417236328125,9,"CN, PRIMARY_CLASS, HIERARCHY_LEVEL, HIERARCHY_LEVEL_LABEL, NVCS_CODE, MEANING, NOTE, CREATED_DATE, MODIFIED_DATE"
ENTIRE_REF_OWNGRPCD.csv,0.00019931793212890625,4,"OWNGRPCD, MEANING, CREATED_DATE, MODIFIED_DATE"
ENTIRE_REF_PLANT_DICTIONARY.csv,20.932238578796387,35,"CN, SYMBOL_TYPE, SYMBOL, SCIENTIFIC_NAME, NEW_SYMBOL, NEW_SCIENTIFIC_NAME, COMMON_NAME, CATEGORY, FAMILY, GROWTH_HABIT, DURATION, US_NATIVITY, STATE_DISTRIBUTION, STATE_AND_PROVINCE, SCIENTIFIC_NAME_W_AUTHOR"
ENTIRE_REF_POP_ATTRIBUTE.csv,5.8858842849731445,11,"ATTRIBUTE_NBR, ATTRIBUTE_DESCR, EVAL_TYP, NOTES, SQL_QUERY, ACTIVE, GROWTH_ACCT, LAND_BASIS, SQL_QUERY_SE, CREATED_DATE, MODIFIED_DATE"
ENTIRE_REF_POP_EVAL_TYP_DESCR.csv,0.001338958740234375,9,"CN, LABEL_ORDER, EVAL_TYP, EVAL_TYP_LABEL, CHANGE_EVAL_TYP, EVAL_TYP_DESCR, CREATED_DATE, MODIFIED_DATE, EVAL_TYP_CD"
ENTIRE_REF_RESEARCH_STATION.csv,0.0036678314208984375,7,"STATECD, RSCD, RS, STATE_NAME, STATE_ABBR, CREATED_DATE, MODIFIED_DATE"
ENTIRE_REF_SIEQN.csv,0.17574405670166016,7,"CN, SIEQN_REF_CD, SIEQN_REF_NOTES, SIEQN_LOC_DESC_FSVEG, SIEQN_AGE_BASIS, CREATED_DATE, MODIFIED_DATE"
ENTIRE_REF_SPECIES.csv,0.551910400390625,40,"SPCD, COMMON_NAME, SHARED_COMMON_NAME_IND, GENUS, SPECIES, VARIETY, SUBSPECIES, SCIENTIFIC_NAME, SPECIES_SYMBOL, E_SPGRPCD, W_SPGRPCD, C_SPGRPCD, P_SPGRPCD, MAJOR_SPGRPCD, STOCKING_SPGRPCD"
ENTIRE_REF_SPECIES_GROUP.csv,0.0032329559326171875,6,"SPGRPCD, NAME, REGION, CLASS, CREATED_DATE, MODIFIED_DATE"
ENTIRE_REF_STATE_ELEV.csv,0.0037059783935546875,7,"STATECD, MIN_ELEV, MAX_ELEV, LOWEST_POINT, HIGHEST_POINT, CREATED_DATE, MODIFIED_DATE"
ENTIRE_REF_TREE_CARBON_RATIO_DEAD.csv,0.0002899169921875,4,"CN, SFTWD_HRDWD, DECAYCD, CARBON_RATIO"
ENTIRE_REF_TREE_DECAY_PROP.csv,0.00038814544677734375,6,"CN, DECAYCD, SFTWD_HRDWD, DENSITY_PROP, BARK_LOSS_PROP, BRANCH_LOSS_PROP"
ENTIRE_REF_TREE_STND_DEAD_CR_PROP.csv,0.0024766921997070312,4,"CN, ECOPROV, SFTWD_HRDWD, CR_MEAN"
ENTIRE_REF_UNIT.csv,0.011478424072265625,5,"STATECD, VALUE, MEANING, CREATED_DATE, MODIFIED_DATE"
ENTIRE_SEEDLING.csv,401.5230360031128,29,"CN, PLT_CN, INVYR, STATECD, UNITCD, COUNTYCD, PLOT, SUBP, CONDID, SPCD, SPGRPCD, STOCKING, TREECOUNT, TOTAGE, CREATED_DATE"
ENTIRE_SEEDLING_REGEN.csv,27.505118370056152,21,"CN, PLT_CN, CND_CN, SCD_CN, INVYR, STATECD, UNITCD, COUNTYCD, PLOT, SUBP, CONDID, SPCD, SPGRPCD, SEEDLING_SOURCE_CD, LENGTH_CLASS_CD"
ENTIRE_SITETREE.csv,134.59096336364746,44,"CN, PLT_CN, PREV_SIT_CN, INVYR, STATECD, UNITCD, COUNTYCD, PLOT, CONDID, TREE, SPCD, DIA, HT, AGEDIA, SPGRPCD"
ENTIRE_SOILS_EROSION.csv,3.89461612701416,16,"CN, PLT_CN, INVYR, STATECD, COUNTYCD, PLOT, SUBP, MEASYEAR, SOILSPCT, COMPCPCT, TYPRTDCD, TYPCMPCD, TYPAREACD, TYPOTHRCD, CREATED_DATE"
ENTIRE_SOILS_LAB.csv,47.28228187561035,47,"CN, PLT_CN, INVYR, STATECD, COUNTYCD, PLOT, SMPLNNBR, VSTNBR, LAYER_TYPE, SAMPLER_TYPE, QASTATCD, SAMPLE_DATE, LAB_ID, SAMPLE_ID, FIELD_MOIST_SOIL_WT"
ENTIRE_SOILS_SAMPLE_LOC.csv,4.691954612731934,26,"CN, PLT_CN, INVYR, STATECD, COUNTYCD, PLOT, SMPLNNBR, MEASYEAR, FORFLTHK, LTRLRTHK, FORFLTHKN, LTRLRTHKN, FORFLTHKS, LTRLRTHKS, FORFLTHKE"
ENTIRE_SOILS_VISIT.csv,1.2271203994750977,12,"CN, PLT_CN, INVYR, STATECD, COUNTYCD, PLOT, MEASDAY, MEASMON, MEASYEAR, CREATED_DATE, MODIFIED_DATE, QA_STATUS"
ENTIRE_SUBP_COND.csv,580.4648475646973,18,"CN, PLT_CN, INVYR, STATECD, UNITCD, COUNTYCD, PLOT, SUBP, CONDID, CREATED_DATE, MODIFIED_DATE, MICRCOND_PROP, SUBPCOND_PROP, MACRCOND_PROP, NONFR_INCL_PCT_SUBP"
ENTIRE_SUBP_COND_CHNG_MTRX.csv,568.775673866272,11,"CN, STATECD, SUBP, SUBPTYP, PLT_CN, CONDID, PREV_PLT_CN, PREVCOND, SUBPTYP_PROP_CHNG, CREATED_DATE, MODIFIED_DATE"
ENTIRE_SUBP_SOIL_SAMPLE_LAYER.csv,3.1441097259521484,57,"CN, SSSL_CN, PLT_CN, STATECD, COUNTYCD, PLOT, INVYR, INV_VST_NBR, CYCLE, SUBCYCLE, SUBP, VSTNBR, SAMPLER_TYPE, SAMPLE_DIA, LAYER_TYPE"
ENTIRE_SUBP_SOIL_SAMPLE_LOC.csv,0.5836429595947266,32,"CN, PLT_CN, STATECD, COUNTYCD, PLOT, INV_VST_NBR, INVYR, CYCLE, SUBCYCLE, UNITCD, SUBP, VSTNBR, CONDID, SOILS_SAMPLE_METHOD_CD, SOILS_SAMPLE_STATUS_CD"
ENTIRE_SUBPLOT.csv,1042.9614877700806,48,"CN, PLT_CN, PREV_SBP_CN, INVYR, STATECD, UNITCD, COUNTYCD, PLOT, SUBP, SUBP_STATUS_CD, POINT_NONSAMPLE_REASN_CD, MICRCOND, SUBPCOND, MACRCOND, CONDLIST"
ENTIRE_SUBPLOT_REGEN.csv,4.707324981689453,18,"CN, PLT_CN, SBP_CN, INVYR, STATECD, UNITCD, COUNTYCD, PLOT, SUBP, REGEN_SUBP_STATUS_CD, REGEN_NONSAMPLE_REASN_CD, SUBPLOT_SITE_LIMITATIONS, MICROPLOT_SITE_LIMITATIONS, CREATED_DATE, MODIFIED_DATE"
ENTIRE_SURVEY.csv,0.30746936798095703,14,"CN, INVYR, P3_OZONE_IND, STATECD, STATEAB, STATENM, RSCD, ANN_INVENTORY, NOTES, CREATED_DATE, MODIFIED_DATE, CYCLE, SUBCYCLE, PRJ_CN"
ENTIRE_TREE.csv,12745.04299545288,198,"CN, PLT_CN, PREV_TRE_CN, INVYR, STATECD, UNITCD, COUNTYCD, PLOT, SUBP, TREE, CONDID, PREVCOND, STATUSCD, SPCD, SPGRPCD"
ENTIRE_TREE_GRM_BEGIN.csv,4078.7492628097534,68,"TRE_CN, PREV_TRE_CN, PLT_CN, STATECD, SUBPTYP, SPCD, STATUSCD, DIA, HT, ACTUALHT, CR, STANDING_DEAD_CD, DIAHTCD, CULL, ROUGHCULL"
ENTIRE_TREE_GRM_COMPONENT.csv,4846.04124546051,78,"TRE_CN, PREV_TRE_CN, PLT_CN, STATECD, DIA_BEGIN, DIA_MIDPT, DIA_END, ANN_DIA_GROWTH, ANN_HT_GROWTH, SUBPTYP_BEGIN, SUBPTYP_MIDPT, SUBPTYP_END, MICR_COMPONENT_AL_FOREST, MICR_SUBPTYP_GRM_AL_FOREST, MICR_TPAGROW_UNADJ_AL_FOREST"
ENTIRE_TREE_GRM_ESTN.csv,13956.027905464172,45,"CN, STATECD, INVYR, PLT_CN, TRE_CN, LAND_BASIS, ESTIMATE, ESTN_TYPE, ESTN_UNITS, COMPONENT, SUBPTYP_GRM, REMPER, TPAGROW_UNADJ, TPAREMV_UNADJ, TPAMORT_UNADJ"
ENTIRE_TREE_GRM_MIDPT.csv,4399.661485671997,68,"TRE_CN, PREV_TRE_CN, PLT_CN, STATECD, SUBPTYP, SPCD, STATUSCD, DIA, HT, ACTUALHT, CR, STANDING_DEAD_CD, DIAHTCD, CULL, ROUGHCULL"
ENTIRE_TREE_GRM_THRESHOLD.csv,644.5207443237305,69,"TRE_CN, PREV_TRE_CN, PLT_CN, STATECD, THRESHOLD_TYPE, SUBPTYP, SPCD, STATUSCD, DIA, HT, ACTUALHT, CR, STANDING_DEAD_CD, DIAHTCD, CULL"
ENTIRE_TREE_WOODLAND_STEMS.csv,169.63638401031494,17,"CN, PLT_CN, INVYR, STATECD, UNITCD, COUNTYCD, PLOT, SUBP, TREE, TRE_CN, DIA, STATUSCD, STEM_NBR, CYCLE, SUBCYCLE"
ENTIRE_VEG_PLOT_SPECIES.csv,15.65970230102539,17,"CN, PLT_CN, VVT_CN, INVYR, STATECD, COUNTYCD, PLOT, VEG_FLDSPCD, UNIQUE_SP_NBR, VEG_SPCD, SPECIMEN_COLLECTED, SPECIMEN_LABEL_NBR, SPECIMEN_NOT_COLLECTED_REASON, SPECIMEN_RESOLVED, CREATED_DATE"
ENTIRE_VEG_QUADRAT.csv,3.7234573364257812,16,"CN, PLT_CN, VVT_CN, VSB_CN, INVYR, STATECD, COUNTYCD, PLOT, SUBP, QUADRAT, CONDID, QUADRAT_STATUS, QUADRAT_STATUS_PRE2004, TRAMPLING, CREATED_DATE"
ENTIRE_VEG_SUBPLOT.csv,1.9366044998168945,31,"CN, PLT_CN, VVT_CN, INVYR, STATECD, COUNTYCD, PLOT, SUBP, VEG_SUBP_STATUS_CD, VEG_SUBP_NONSAMPLE_REASN_CD, SUBP_ACCESSIBLE_FOREST_PCT, DETAILED_NONFOREST_LAND_USE, TOTAL_CANOPY_COVER_LAYER_1, TOTAL_CANOPY_COVER_LAYER_2, TOTAL_CANOPY_COVER_LAYER_3"
ENTIRE_VEG_SUBPLOT_SPP.csv,48.77402973175049,24,"CN, PLT_CN, VVT_CN, VSB_CN, VPS_CN, INVYR, STATECD, COUNTYCD, PLOT, SUBP, VEG_FLDSPCD, UNIQUE_SP_NBR, VEG_SPCD, SP_CANOPY_COVER_TOTAL, SP_CANOPY_COVER_LAYER_1_2"
ENTIRE_VEG_VISIT.csv,0.35007381439208984,17,"CN, PLT_CN, INVYR, STATECD, COUNTYCD, PLOT, VEG_QA_STATUS, VEG_KINDCD, VEG_MANUAL, TRACE_COVER_ALLOWED, VEG_MEASYEAR, VEG_MEASMON, VEG_MEASDAY, VEG_SAMPLE_BASIS, CREATED_DATE"
